title,view,tags
???? ?????? ?????? ??? ?? ???? ?? ????? (???),59700,"????????, ?????? ???????? ??, ??? ???? ?????, ??????"
???????: ?????? ?????? ? ??? ??????? ???? ????????!,142500,"????????, ???????, ??? ???? ?????, ??????"
????? ???? ??????? ???? ??? ??????? ??????,32299,"???????, ????? ???????, ???? ??????, ??? ???? ?????, ??????"
??? ???? ?????????: ????? ???? ?? ??? ??? ?????,32700,"?????????????, ??????????, ????? ???, ?????? ?????, ?? ?????????, ??? ???? ??????, ??????"
?????? ??????? ?? ???? ?????? ????? ?? ???????,32100,"?????? ???????, ??????, ??? ???? ?????, ??????"
??? ? ??? ???? ?? ??????: ?? ????!,13200,"?????, ????, ??? ?? ??????, ??????"
???? ??????? ?? ????: ?? ????????? ?????????? ????!,12600,"?????, ??? ??, ????? ??????, ???? ???????, ??? ? ???????, ??????"
"?? ?????? ???????????? ???? ???????? ???????",15500,"???? ??????, ???????????, ?????? ?????, ????????? ?????, ??????"
??????? ???? ????? ?????? ????? ?????? ?????,9600,"?????? ?????, ?? ?????????, ???? ??????, ??????, ??? ???? ?????, ??????"
??????? ???? ??????? ??? ??? ?? ?????????,28300,"???????, ????????? ?????, ??? ?????, ??????"
????? ?? ????? ?? ???? ???? ??????? ????!,7100,"??????, ????? ????????, ??? ???? ?????, ??????"
???????? ????????? ????? ?? ??? ???????? ?????,17100,"???? ????, ???? ?????????, ????? ??????, ??????"
??? ??? ?????? ??? ???? ???? ?????? ??,2200,"???????? ? ???????, ??????"
??? ??? ??: ??? ????? ????? ??? ???,22600,"??????, ??????, ??? ????, ??????"
?????? ???? ? ?????? ?? ???? ???? ?????,8700,"??? ???? ??????, ??????"
"?????? ???? ?????? ?? ???? ???? ?????",28400,"?? ?????, ????, ????? ??????, ??????"
??? ???? ?????: ???? ?? ?????? ?????? ??!,38700,"?????, ??? ??, ????? ?????, ??? ? ???????, ??????"
????? ??????? ??? ?? ??????? ??? ???????! (???),61900,"????? ???, ??????"
?????? ???????????? ????: ???? ???? ?? ??????!,21400,"??????, ????? ????????, ???????? ??????, ???? ??????, ??? ???? ?????, ??????"
??? ??????? ?????? ??????!,26800,"?????, ????, ?????, ??? ?? ??????, ??????"
????? ???? ? ???????? ?? ???????????,20500,"????????, ????? ?????? ????, ???? ?????, ???? ?? ?????, ??? ???? ?????, ??????"
?????? ?-? ?????: ?????? ?????????? ???? ??????,8100,"?? ?????, ??????, ??? ? ???????, ??????"
????? ?? ?????: ??????? ???????? ??? ?? ?????!,18600,"?? ?????, ??????, ??? ? ???????, ??????"
???? ???? ???? ??? ???? ????? ?????,15700,"????? ?????, ??? ???? ?????, ??????"
?????? ???????: ????? ?? ???? ????? ???? ???!,9600,"?????????????, ?????, ?????? ???????, ??????"
????????? ?? ???? ??? ??? ? ??????? ???!,13000,"?? ?????, ??????, ???? ????????, ??? ? ???????, ??????"
"????? ?? ??? ????? ?? ?? ????? ?????? ??! ",77700,"?????, ???? ?????, ??? ???? ??????, ??????"
?????: ?? ??? ??????? ????? ???? ????? ?????,4900,"?? ?????, ??????, ??????? ?????, ??? ? ???????, ??????"
????? ?????? ??? ??? ?? ????? ?????????? ?? ?????,34100,"???????? ????? ????, ???????"
??????? ?? ???????? ????? ??????? ?????!,24700,"??? ???? ???????, ??? ??????? ???????? ??????, ???????"
"????? ???? ????????????? ??? ?? ??? ??????? ?????",6800,"??? ??? ??????? ?????, ??????? ???????, ???????? ???????, ???????"
13 ???? ???? ????????? ????? ?? ??????? ????? ????,420000,????? ????? - ??? ????
?????? ??????? ???? ??: ??? ?????? ???!,73900,"???? ??????, ????? ???, ????????? ???????, ??? ??????, ??? ???, ??????"
??? ?????? ???? ???? ????? ???? ?????,580000,????
?????????? ????? ?? ??? ????? ??? ? ???? ???????,4200,????
?????????? ????? ??????? ??? ???????,961000,"??? ??????? ??? ???, ??? ??????? ??????? ?????, ??? ???? ???????, ???????"
????? ??? ???? ??? ?? ?????? ???? ??,400000,"???? ??? ??, ???? ????, ???? ????, ????"
???? ???? ????????? ??? ?? ??????? ????,5200,??????
?????? ???? ?????????? ?? ??? ???,1200,"????? ??, ??? ??????, ?????, ??????? ????"
??? ? ??? ???? ??? ??? ????? ?? ????? ?????????!,5600,"???? ????, ???????"
????????? ??????? ????| ??? ???? ????? ???? ????,493000,?????????
???? ?????? ??????? ??? ??????? ?? ?????,1700,"???? ???????, ????"
?????? ??? ????? ?? ????? ????? ?? ??????? ?????,2300,"????? ???????, ?????"
????? ???? ?? ????? ?? ?? ??????? ?? ???,1600,"???? ?????, ????"
"??? ????? ???????: ?? ?? ????? ???? ?? ?????!",26600,"?? ?????, ??????, ??????? ????, ??? ? ???????, ??????"
????? ????? ??????? ?? ??????? ?? ?????,3100,"???? ???????, ?????? ???????, ????"
????? ?????? ?? ??? ????? ???? ????,2100,????
????? ???? ?? ???????: ??? ????? ?? ??? ???!,41700,"???? ??????, ????????? ???, ??????? ?????????, ????? ???????, ?????? ???????, ??????"
????? ??? ?? ????????: ?? ??? ???? ??????!,12500,"??? ??? ?????, ??? ???????, ??????"
????? ?????? ??? ??? ? ????? ??????? ?????,23900,"??? ??? ??????? ?????, ???????? ???????, ???????"
???? ????? ???? ????? ?? ???????: ??? ???? ???!,38100,"???? ??????, ????????, ????? ??????, ??? ???????, ??????"
"??? ?? ??????? ???????? ????? ?????? ?? ???? ??????!",36000,"??????, ??????, ??? ??????? ???????, ???? ???, ??????"
??????? ?????? ????? ???? ?? ?????? ???!,27900,"???? ??????, ???? ??????, ?????? ??????, ????? ???????, ?????? ???????, ??????"
?????? ????? ?? ????? ????: ?? ???? ?????? ????,26900,"???? ??????, ????????, ?????? ????????, ?????????, ?????? ???????, ??????"
???????: ?????? ?????? ?? ??? ???? ?????? ?????! ,107600,"?????? ?????, ??? ??? ???? ??????, ???? ??????"
????? ???? ??????: ??? ??? ????? ???????? ???!,24900,"?????????????, ??????????, ???? ?? ???, ??? ???? ??????, ??????"
???? ? ????? ?? ???? ???????????(???),31500,"????????, ????? ?????? ????, ??? ???? ?????, ??????"
??? ???? ??? ???? ??? ?? ??? ?????? ????,2000,"??? ???? ???????, ???????"
???? ????????: ???? ????? ?????? ????????,32900,"????????, ?????? ????????, ??? ???? ?????, ??????"
????? ???????? ?? ????? ?????? ????? ?? ??????!,16000,"??? ??????, ???? ????, ??? ??? ???? ????, ???????? ????, ???? ??? ?????? ??????, ??????"
?????- ?????? ??? ?? ??? ??? ??????(???),20500,"????????? ????, ????? ?????, ??? ???? ?????, ??????"
???? ????? ?? ??????? ????? ?????? ???? ??????,2800,"?? ????? ?????, ???? ????? ??????, ??? ???? ?? ??????? NBA, ????? ????, ???????"
????? ?????? ???: ?? ??? ????? ???? ??????!,2500,"??? ???? ????, ????"
??? ????? ???? ???? ???? ?? ????,827000,?????????
?????? ???????: ??????? ?????? ?????? ????!,28700,"???????, ????? ?????, ???? ??????, ??? ???? ?????, ??????"
??????? ?????? ?? ????? ????? ??? ?????? ?? ??????,3100,"??? ??????, ???? ????, ??? ??? ???? ????, ????"
?????? ?????????? ?? ???? ?? ????? ??? ???? ?????,1400,"???? ?????, ??? ??? ???? ?????, ????"
???????: ?? ??????? ?? ??????? ???? ???????,1800,"????????? ?? ?????, ????? ???????, ???? ??? ?????? ??????, ?????????"
????????? ?? ????? ???? ?? ?? ?????,1600,"??? ? ????, ????????? ?? ????"
???? ????? ??? 23 ??? ????| ????? ?????? ??,5900,"???? ?????, ??? ??? ???? ?????, ????"
??? ????? ???? ??????? ???? ?? ???? ???? ?????,1500,?????????
????? ?????? ?????: ????? ???? ?? ????? ??? ???,36600,"???? ??????, ??? ???, ??? ???????, ?????? ???????, ??????"
????????? ?????? ??? ?????? ???!,9000,????
"??????? ????? ?? ????? ??? ? ???? ???? ???? ????????",16900,"?????, ????????, ???? ?? ?????, ??? ???? ?????, ??????"
????????? ???????? ???????? ?? ????? ??????,32700,"???? ??????, ????????, ?????? ????????, ?????????, ?????? ???????, ??????"
??????? ???? ?? ???: ?? ???? ?? ???? ?????!,20600,"???? ??????, ????????, ????, ?????????, ?????? ???????, ??????"
????? ???? ??? ?? ????? ????? ?? (???),13800,"????? ????? ???, ???????"
???????? ?? ????? ???? ??? ?? ??????????,34200,"???? ??????, ????????, ????, ?????????, ???? ???????, ?????? ???????, ??????"
35+1 ???? ?????? ?? ????? 70 ????(???) ,14500,"??????, ???? ??????, ??? ???? ?????, ??????"
???? ?????? ?? ??? ????: ??? ?????!,66100,"???? ??????, ????????, ???? ??????, ?????????, ??? ???????, ?????? ???????, ??????"
???????: ????? ????? ??????????? ????? ?? ????,25300,"???? ??????, ????????, ?????????, ?????? ???????, ??????"
??? ???????? ??????? ?????? ??? ?? ???? ????????!,29100,"?????, ????????, ???? ?? ?????, ???? ??????, ??? ???? ?????, ??????"
???? ????? ???? ?? ???????: ?????? ??? ???! (???),26700,"??????????, ??? ???? ??????, ???? ????, ??????"
???? ?? ?????: ?? ???? ??????? ??? ??? ?? ????,50300,"???? ??????, ????????, ????? ???, ???????, ????????? ???????, ??????????, ??? ???, ?????? ?? ???????, ??????? ???????, ????? ????, ??????"
???????? ???? ?????? ????? ??????? ?? ???????,33600,"????????, ???????, ??? ???? ?????, ??????"
?? ? ???? ?? ??? ?? ??? ?????? ??????? ???????,8600,???????
???? ?????: ??? ?? ??? ??? ????? ????! (???),9100,"?????, ????, ?????, ??? ?? ??????, ??????"
???? ???????? ????: ??? ???? ?? ?????? ????!,15800,"???????, ????? ????, ??? ???? ??????, ??????"
???? ???? ??? ??????????? ???? ?? ????? ???!,10000,"??????? ????, ????? ?????, ???? ??? ?????? ??????, ???????"
?????? ???? ???? ?? ????????: ????? ???? ?????!,15000,"?????, ????????, ???? ?? ?????, ???? ??????, ??? ???? ?????, ??????"
??? ?? ?? ?????? ???? ?? ??? ??? ?????,14500,"???? ??? ??, ????"
???????? ?????? ??? ?????: ?????? ?? ?????? ?????!,18100,"????? ??????, ???????"
???? ????? ???: ??? ?????? ???? ????????,37400,"??? ??? ???????, ???? ??????, ????????, ????, ?????? ???????, ????? ???? ?????, ??????"
???? ???? ????????: ????? ??????? ???? ??????? ???,13500,"???????, ?????? ?????, ????? ????, ??? ???? ??????, ??????"
??????? ?????? ?? ??????: ?? ?? ??? ? ???????(???),24900,"??? ??? ?????? ?????, ??? ???? ??? ????, ?????? ?? ??????, ??????"
????? ???? ???? ???? ?? ????? 90 (???),16400,"??????, ???? ?? ????, ??? ???? ?????, ??????"
??? ?? ?????????? ???? ???????? ?? ???? ??!,26800,"??????, ??? ??????? ???, ??????"
????? ????? ???? ?? ????: ?? ?? ??? ??? ?????!,30800,"???? ??????, ????????, ?????????, ???????? ??????, ?????? ???????, ??????"
 ????????? ????????? ???? ?????? ????????!,34100,"????????, ??????? ?????????, ??? ???? ?????, ??????"
??? ?? ?? ?????: ????? ? ????? ??????? ????????,45100,"?? ?????, ?????, ?????, ???? ?????, ??? ???? ??????, ??????"
10 ???? ???? ??? ??? ?? ?????,68100,"???? ??????, ????? ???, ??? ???, ??????"
??? ?? ????: ???? ??? ??? ?? ?? ?? ??????,445800,"???? ??????, ????????, ??????????, ??? ??? ????????, ????? ???, ??? ???, ?????? ?? ???????, ??? ????? 2022 ???, ?????? ?????, ??? ????? , ??????"
????? ?? ?????: ??? ???????? ?? ?????? ????? ????!,34400,"????????, ?????? ????????, ?????? ???????, ??????"
?? ????? ???? ?? ??? ???? ?????!,37500,"????? ????????, ??????? ?????, ??? ???? ?????, ??????"
"???? ????? ???? ????? ????????? ??? ??????",17000,"????? ???????, ??????"
???? ????? ????????? ?? ????: ?? ???? ???????!,11600,"???????, ???? ?????, ????? ???, ??????????? ?????, ??? ? ???????, ??????"
????? ??????? ????? ?? ????? ???????? ?? ??????! ,17000,"?????, ???????? ???????, ??? ? ???????, ??????"
????? ?? ???? ?? ???? ?????????? ?????????,15000,"???? ??????, ?????????, ?????? ???????, ??? ???????? ?????, ??????"
???? ?? ?? ? ?????: ??? ????? ??? ??????? ?????!,35500,"?????????????, ??????????, ?????? ?????, ?? ?????????, ??? ???? ??????, ??? ???, ??????"
????????? ??????? ??? ??? ???????!,64300,"???????, ??? ???? ?????, ???? ???, ??????"
??? ???? ???? ?? ?? ????? ??????,42000,"???? ??????, ????????, ????? ???, ????????? ???????, ???? ??????, ???? ?????, ?????????, ???????? ??????, ??? ???????, ???? ????, ???????, ?????? ???????, ??????, ??????"
"?????? ? ??????? ?????? ?? ?? ??? ??? ???!",89100,"??????, ???? ??????, ??? ???? ?????, ??????"
????????? ??? ????? ?? ???? ????? ??? ?????!,15200,"????? ?????, ???? ???????, ??????"
????? ??????????? ?? ???? ???? ??? ??? ,18300,"????? ?????? ????, ??? ???? ?????, ???? ??????, ??????"
???? ?????????? ???? ??????? ????? ???? ??,8100,"??? ??? ??????? ?????, ??????? ???????, ???????? ???????, ???????"
???? ???? ?? ??? ????????? ??? ?? ??????,70100,"???? ??????, ????????, ????, ?????????, ????? ?????, ???? ????, ???? ?????, ????? ?????, ?????? ???????, ??????"
????? ???????? ?? ????? ????? ????? (???),16500,"????? ????????, ????? ????????, ??? ???? ?????, ??????"
????: ??????? ?? ???? ???? ???? ??????,29300,"?????? ????, ????, ??? ??? ???? ???????, ????? ???????, ??????"
????????: ??????? ?????? ?????? ???? ???,3800,"?? ?????????, ??????? ???? ???, ??? ???? ?????, ?????? ?????????, ??????"
???? ???? ?? ?? ??????? ????? ??! ,6900,"??????, ????? ????????, ??? ????, ??? ???? ?????, ??????"
??????? ? ??? ??? ???? ???? ??? (???),14100,"???????, ??? ???? ?????, ???? ???, ??????"
????? ?????? ???? ??????? ??? ???? ?????? ,1200,"??? ???? ??????, ??????"
?? ???????? ???????? ?????? ?????? ??? ??????,24800,"??????? ????, ???? ?????, ??? ???? ??????, ??????"
?????? ?? ????? ??????? ????? ????????,14700,"???????, ??? ???? ?????, ??????? ??????, ??????"
???? ?? ?????? 20 ????: ?????? ?? ??????? ????????!,21600,"??????, ??? ? ???????, ??????"
????? ???? ?? ???? ??? ????? ??? (???),34700,"???? ??????, ?????????, ????? ??????, ?????? ??????, ????? ???????, ?????? ???????, ??????"
???? ? ?? ????? ? ???? ???????? ???? (???) ,12200,"?? ?????????, ??? ???? ?????, ?????? ????, ??????"
???? ?? ??????: ????? ?? ???? ?? ?? ??????!,38200,"?????, ????????, ???? ?? ?????, ??? ???? ?????, ??????"
??????? ???? ?????? ???? ??? ??? ?? ????? ???,83500,"??? ??? ??????? ?????, ??????? ???????, ???????? ???????, ???????"
???? ?????? ?? ??? ???? ??? ?? ????? ????????,20100,"????????, ?????? ???????? ??, ??? ???? ?????, ??????"
??????? ??? ??? ???? ??? ?? ???? ??? (???),6000,"?????? ????, ???? ????, ??? ??? ???? ?????, ??????? ?????? ????, ??????"
????? - ????????: ????? ??? ???? ?? ??? ????,13500,"?????, ????????, ??? ???? ?????, ??????"
?????? ???? ??????? ???? ??????? ?? ???????,28900,"???????, ??? ??? ?????, ??? ???? ?????, ??????"
??? ??? ?????? ????????? ?? ??? ???? ?????!,31300,"?????????????, ??????????, ?????? ???????, ?????, ?? ?????????, ??? ???? ??????, ?????? ???????, ??????"
??? ?????? ?? ?????? ?????? ???? ?? ??????,8300,"?????, ????, ?????, ??? ?? ??????, ??????"
???? ???? ????? ?? ????? ?? ?????? ??????!,19300,"???? ?????? ??????, ??????? ????, ????? ?????, ???? ?????, ??? ???? ??????, ??????"
????? ??? ???? ?? ??? ?? ???????? ???????? ?????,1900,Without any tag
???????? ???: ?????? ?? ????? ???????? ???? ???,11600,"???? ??? ??????, ??? ???? ?????, ??????? ????, ??????"
?????? ? ??? ?? ????????? ???? ?????????? ??????,12600,"??????, ????? ????????, ???? ??????, ??? ???? ?????, ??????"
?????? ?????? ?? ?? ???? ???? ????,41500,"?????????????, ??????????, ???? ?? ???, ??? ???? ??????, ??????"
??? NBA| ?????? ?????? ?? ????? ??????? ???? ????,3500,"???? ????, ???? ????? ??????, ??? ???? ?? ??????? NBA, ???????"
????? ???? ???????? ?? ???? ?????? ?????? ?? ???,861000,????????? ?? ????
"???? ??????? ??????? ??????? ?? ??????? ?????",5900,"??? ???? ?? ??????? NBA, ???????"
????????????: ??????? ? ?????? ???? ??????? ?????,32800,"???????, ?????? ?????? ?????, ??? ???? ?????, ??????"
??? ?????? ??? ?????? ????!,8200,"????? ??, ??? ??????, ?????, ??????? ????"
??????? ?????? ????? ???????? ?????????,489000,?????????
????? ?????? ??????? ????? ????? ???? ??,3700,????? ????? - ??? ????
?????? ??????? ?????? ?????,2900,"??? ??? ??????, ??????"
??????? ????? ??????? ????? ?? ?????,7800,"????? ??????, ???????"
????? ?????? ????? ????????? ????,29300,"????????, ????? ????, ??? ???? ?????, ??????"
??: ??? ???? ??? ??????? ?? ????? ?? ??????? ???,63300,"?????????????, ??????????, ?????? ???????????, ?? ?????????, ???? ???????, ??? ???? ??????, ??????"
??? ??? ? ?????? ??????? ????? ?? ????????? (???),22000,"????? ?????????, ????????? ????, ??? ???? ?????, ??????"
?????? ???????? ??????? ????? ???? ?? ??? ???,15600,"??????, ?????? ??????, ??? ???? ??????, ??????"
?????? ?????? ??? ???????? ??? ????? ????!,36400,"???????, ??? ??????? ???????, ???? ??????? ?????, ??????"
??? ???? ?????? ????? ?? ?? ????? ???? ??????,13900,"?????, ???????? ????, ??????"
?????? ?????? ??????? ?? ???? ???????? (???),13000,"?????, ????????, ???? ?? ?????, ???? ??????, ??? ???? ?????, ??????"
300 ?????? ? ?? ??: ?? ??????? ?????? ?? ????!,220900,"?????????????, ??????????, ?????? ???????, ?????? ??????, ??????, ????? ?????, ?? ?????????, ??? ???? ??????, ?????? ???????, ??????"
??????? ?? ???? ???? ??? ??? ???? ?? (???),32600,"?????? ????, ????? ????????, ??? ??? ?????? ????, ??????"
"????? ???????? ???? ??????? ? ????????!",26000,"??????, ????? ???????, ????????? ???????, ??? ???? ?????, ??? ???????? ????, ??????"
????? ????? ????? ??????? ?? ???? ?? ???? (???),9600,"??? ??? ?????, ????? ??? ???, ? ? ? ???, ??????"
??????? ?? ?? ?? ????? ????? ?? ????,54500,"???? ??????, ????????, ????? ??????????, ?????????, ??? ???????, ?????? ???????, ??????"
????? ??????? ?? ????? ???? ?? ????,55900,"??????, ????? ???????, ??? ???? ?????, ?????? ????, ??????"
????? ???????? ? ?? ?????,29900,"?????, ????????, ???? ?? ?????, ??? ???? ?????, ???? ?????, ??????"
???? ???? ????? 10 ???????? ???? ????,29200,"?????, ????????, ????? ????, ???? ?? ?????, ??? ???? ?????, ??????"
????? ???? ?????? ?? ?????? ???? ?? ??????,51300,"??????, ???? ??????, ??? ???? ?????, ?????? ????, ??????"
???? ????? ?? ??? ???????????,23100,"????????, ??? ??? ?????, ????? ?????? ????, ??? ???? ?????, ??????"
????? ????: ??? ???? ?? ??? ??????,13800,"?? ?????????, ???? ????????, ??? ???? ?????, ??????"
????? ???? ?? ????? ???????? ? ?? ??? ?? ????????,41800,"????????, ?????? ????????, ???? ?? ?????, ??? ???? ?????, ??????"
??????? ????? ??????? ?? ?? ??????? ???? ????,24600,"??????? ??? ??? ???????, ??? ???????, ??????"
"?????? ????? ???? ??? ?? ???? ??? ???",57200,"???????, ????? ????, ????? ????, ??? ???? ??????, ??????"
????? ?????????? ???? ?? ?? ?????? (???),21500,"?? ???????, ???? ??, ??? ???? ?????, ??????"
??? ?????? ?? ???? ?? ??????? ?? ?????? ??????!,13700,"??????, ????? ???????, ????? ????????, ??? ???? ?????, ??????"
??? ????? ??????? ?? ?? ???? ???!,19800,"???????, ??? ? ???????, ?????? ?? ?, ??????"
????? ????? ??? ?????? ????? ?? ????? ????,10400,"????? ???? ? ??????, ?????? ?????"
????? ?? ???????: ???? 3 ???? ????? ?????????,11200,"??? ??? ???????, ???????, ????????? ?????, ??? ?????, ??????"
????? ???????: ???????? ???? ??????? ??? ??? ???,14600,"??? ??? ???, ??????, ??? ??? ????, ??? ???, ???? ????????, ??????"
?????? ??? ??? ??? ?? ??? ????!,11200,"??? ??????????, ??? ???????, ??????"
???? ??? ???????? ???? ?? ?? ?????? ??????,41400,"??????, ????? ?????, ??? ??????? ???, ?????? ????, ??????"
?????? ??: ?? ???? ??? ????? ????????? ? ???????!?,60900,"??????????, ??? ? ???????? ?????, ??????? ?????, ?? ?????????, ??? ???? ??????, ??????"
???? ????? ? ????? ?? ?? ??? ???,15700,"????????, ???? ?????, ??? ???? ?????, ??? ???????? ????, ??????"
????? ??? ?? ????? ???? ????? ?????? ???? ??!,9500,"???? ??? ?????? ??????, ??????? ?????"
?????: ?? ??? ???? ???? ??? ?????!,13700,"??????? ?????, ????? ????????, ??? ???? ?????, ??????"
??? ????? ???? ?? ????? ?? ???????? ?????? ???!,25100,"????????, ???? ?????, ???? ?????, ??? ???? ?????, ??????"
???? ?? ???????? ?? ???? ??????? ??? (???),44800,"???????, ????? ??????, ???? ????????, ??????"
???? ????? ??????? ????? ?????????? ???,10200,"??? ??? ?????, ???????? ??????, ?? ?? ??, ???? ?????, ???????? ??????, ??????"
?????? ???? ??? ??????? ??! (???),56600,"????? ??????, ????????? ????, ??? ???? ?????, ??????"
????? ?????: ??? ??? ? ??? ????????? ??? ???!?,47800,"????? ???, ??? ???, ??????"
???? ???? ?????? ????? ????? ??,13100,"??? ?????, ?????? ??????, ??????"
??????? ???? ?? ?????? ?? ??? ??,25000,"???? ??????, ??????? ??????, ??? ???????, ??????"
?????????? ?? ???? ?? ????????? ??? ???! (???)?,47800,"????? ???, ??? MLS ??????, ????? ?????, ??????"
?????: ?? ?????? ????? ?? ??? ??? ??????? ?? ???,4400,"??????, ???? ?????, ??? ???? ?????, ??????"
????? ????? ????? ???? ? ?????? ?????? ? ?????,1800,"??? ???? ???????, ???????"
????? ?? ???: ???? ???? ???? ???????,25600,"????? ???, ??? ???, ?????? ?????, ??????"
???? ????? ????????? ??? ???! (???),25500,"?????, ????, ?????, ??? ?? ??????, ??????"
???? ?????? ????? ???????: ???? ?????? ????? ???!?,32299,"?????? ????, ??? ??? ???? ???????, ????? ???????, ??????"
???? ? ????: ????????? ??????? ????? ?? ?? ????????!,325800,"??? ??? ??????? ?????, ???? ?????, ??????? ???????, ???????? ???????, ???????"
?????? ???? ??????? ??? ?????? ?? ????????!,40900,"?? ?? ??, ??? ??? ????, ??? ???, ???? ????????, ??????"
??? ?? ????? ???? ??: ???? ?? ???????? (???)?,43800,"????? ???, ??? ???, ??????"
???????: ??? ????????? ?????? ?? ??????!,35500,"???? ??????, ????????, ?????????, ??? ???????, ?????? ???????, ??????"
????? ???????? ?? ????? ???????? ???? ????,14200,"????????, ?????? ?????, ????????? ?????, ??????"
???????: ???? ????? ?? ?? ? ????? ?????????!,199600,"??? ??? ??????? ?????, ???? ?????, ???????? ???????, ???????"
??????? ????? ?? ????????? ???? ?????,6900,"????? ??? ???, ????? ?????, ? ? ? ???, ??????"
??????? ???????????? ??? ???? ?? ???? ????? ????,25300,"??????, ??? ????, ??? ??????? ???????, ??????"
???? ??? ????? ??????? ?? ?????? ???????,20000,"?????????????, ??? ?? ???????, ?????? ???????, ??????"
???? ???? ??????? ?? ???????? ?????: ??? ????!,23500,"?????, ??? ??, ???? ???????, ??? ? ???????, ??????"
????? ??????? ?? ?????? ???? ??? (???),20300,"???????, ??????? ?????, ??? ???? ?????, ??????"
????? ??????? ?? ???? ??????? ?? ???? ?????,26300,"??? ??? ??????? ?????, ???? ?????, ??????? ???????, ???????? ???????, ???????"
????? ????? ????? ?????? ???? ?????? ????????,20900,"?????, ????????, ???? ?? ?????, ??? ???? ?????, ??????"
?????: ??? ???????? ???????? ???? ????,4600,"??? ???, ???? ?????, ??? ???? ?????, ??????"
?????? ???? ???? ????? ????? ???!,31200,"??? ??????? ????? ?????, ????? ?????, ???? ?????, ??? ???? ???????, ???????"
????????: ??? ??? ????? ????? ???? ????? ??????? ???????,12700,"???????, ???? ???? ???, ???? ????, ??? ???????, ??????"
????? ???? ???? ????? ??! (???),56400,"???????, ????? ????, ??????, ??? ???? ?????, ??????"
??? ??????? ??? ???? ?? ???? ?????????,40200,"??????? ???????, ??? ???? ?????, ???????? ????????, ??????"
??? ???? ??????? ????? ?? ????? ??? ??? ?????,37000,"??? ??? ??????? ?????, ???????? ???????, ???????"
??????? ???? ?? ??? ?? ??? ???,38900,"??? ??? ??????, ????????? ???????, ?????? ???????, ??????"
??? ?????? ???? ?????: ??? ??? ?? ?? ??????? ?????!,38300,"???? ??????, ??? ???, ??? ???????, ??????"
?? ????? ???? ??????? ???? ??? ????,20500,"??? ??????, ???? ????, ??? ??? ???? ????, ???????? ????, ???? ?????????, ????"
?? ????? ??? ??? ?????? ??? ?????????? ???? ????????!,86000,"????? ?????, ??? ???, ????????? ?????, ??????"
???? ?????? ?? ???? ??????? ????,12400,"??? ???????? ????, ????? ????? ????, ??????"
???? ??? ?: ??????? ???? ???!,22100,"??? ??, ???? ???????, ??? ? ???????, ??????"
"???? ????????? ????? ?????? ??? ???",51800,"??? ??? ????, ??? ??????? ???????, ???? ????????, ??????"
???? ??? ?? ?????? ???? ??? ????,32600,"???????, ???? ??????, ??? ???? ?????, ??????"
"??????????? ??????? ?? ?????? ????????? ?? ??????",19300,"????????, ??????? ?????, ??? ???? ?????, ??????"
??? ?? ???? ????? ??????? ?????? ???????,25600,"???????, ??? ???? ?????, ???? ???, ??????"
????? ? ??? ???? ?? ??? ????? ??????! (???),15100,"??????, ????? ????????, ??????? ?????, ??? ???? ?????, ??????"
????? ??? ???? ?????? ?? ?????? (???),14400,"????? ????????, ???????? ??????, ??? ???? ?????, ??????"
"??? ??? ??? ?? ??? ?? ??? ??? ?? ????? ??? ???",50100,"??? ??? ????????, ????? ???, ???????? ???????, ??????"
"???? ??????? ?????? ????? ??????? ????????",19600,"????????, ??? ???? ?????, ???? ?????, ??????"
????? ????? ???? ?????? ???????? ?? 10 ??????,26200,"???????, ??????, ?????, ??? ??????? ???????, ??????"
??? ?????? ???????? ???? ?????????? ????!,35900,"????????, ??? ???? ?????, ????? ?????, ??????"
????? ?????? ???? ?????? ???? ? ?????,36100,"????????, ???? ?????, ???? ?????, ??? ???? ?????, ??????"
"????? ???? ???? ?????? ???? ?? ????? ?? ??????",10800,"????????, ???? ??????, ??? ???? ?????, ??? ???????? ????, ??????"
??? ??? ?? ????????? ?? ????? ???? ????!,58900,"????????, ??? ??????? , ??????"
???????? ???? ????? ?? ????? ???? ???? ???,14800,"????? ?????, ??? ???, ????????? ?????, ????? ?????, ??????"
"????????? ??????? ???????? 1402 ?????? ?????",75300,"????????, ??? ???? ?????, ??????"
?? ?????? ?????? ??????? ?? ????? ??? ???,41800,"??????, ?????? ??????, ??? ? ???????, ??????"
??? ??????? ????? ????? ???? ??,24700,"???? ??????, ??? ???, ??? ???????, ??????"
??????? ?????? ?? ??????: ?????? ?? ????? ????????,12300,"??????, ???????? ????????, ??????"
??? ??????? ?? ??????? ?? ????????? ????,79800,"??? ??? ??????, ????????? ???????, ?????? ???????, ??????"
??? ???? ???? ????? ??????? ?? ??? ???,19700,"??? ??? ?????, ??? ???? ?????, ??????"
??????? ?????? ????? ????? ??????? ??,25000,"???? ??????, ??? ???, ???????? ??????, ?????? ???????, ??????"
?????? ???? ? ? ? ?? ??? ?? 2 ??????,9200,"????? ??? ???, ????? ?????, ? ? ? ???, ??????"
???????? ????? ????? ?????? ??? ???? ??? ??,7000,"????????, ?????? ???????, ??????"
???? ?????: ?? ????? ????? ?? ????? ????????,20500,"????????, ???? ?????, ??? ???? ?????, ??? ???????? ????, ??????"
???????? ??????? ????? ????? ?? ????? ??,20200,"??? ??? ????????, ??? ???, ???????? ???????, ??????"
?????? ????? ????? ????? ??????? ??,24000,"??????????, ??? ???, ?????? ?????, ??? ???? ??????, ??????"
????? ????: ?????? ????????? ?? ??????????!,31000,"????????, ???? ?????, ??? ???? ?????, ??????"
?????????? ????? ????? ?????? ??? ????? ???,11000,"??????????, ??? ???? ??????, ??? ???????? ?????, ??????"
??????? ???????? ? ??????? ?? ??? ???? ????,19700,"?????? ????, ????????, ??? ???, ??? ??? ???? ???????, ??????"
????? ?? ?? ????? ????? ?????? ???? ??? ??!,37300,"?????? ????, ????, ??? ???, ??????"
"????? ????????? ????????? ?????!",42200,"????????, ???? ?????, ??? ???? ?????, ??????"
????? ????? ?? ???: ?????????? ??? ?? ????? ????,16900,"????????, ???? ?????, ??? ???? ?????, ??????"
????? 5 ??????? ??????? ?? ??? ????? ???????,1100,?????????
??? ???? 15 ??? ??? ??????,65500,"?????, ????? ???, ??? ???, ???????? ???????, ??? ? ???????, ??????"
????????: ??? ????? ?? ????? ?? ???,80800,"??????, ??? ??? ???????, ??? ??? ????, ??? ??????? ???????, ???? ????????, ??????"
????? ???????? ? ??? ?? ????? ???? ?? ?????,36300,"????????, ???? ?????, ??? ???? ?????, ??????"
?? ??? ???????? ???? ????? ??? ??? (???),21600,"???????, ???? ??????, ???? ??????, ??? ???? ?????, ??????"
???? ?? ??????? ???? ???? ????!,13700,"????? ????????, ????? ???? ?????, ??? ???? ?????, ??????"
?????? ???????? ?? ???? ??? ???? ???????? ??? ??!,75700,"????????, ?????? ????????, ??? ???? ?????, ??????"
Without any tag,0,Without any tag
????? ????? ?? ???? ???? ?????? ???? ??????,26700,"????????, ???? ?????, ??? ???? ?????, ??????"
???: ?????? ? ????? ?? ?????????? ?????,57500,"????? ???, ??? ???, ?????? ??????, ?????? ?????, ??????"
??????? ?????? ?? ????? ??? ??? (???),66600,"????? ???, ??? ???, ?????? ??????, ???????? ???????, ??????"
??????? ???? ?????? ?? ??????? ???,20400,"??????? ???, ??????? ???? , ??????"
???? ????????? ?? ?? ???????? ?????? ??????,29200,"?????, ????????, ??? ???, ???? ?? ?????, ???? ?????, ???? ??????, ??? ???? ?????, ??????"
???? ??? ????? ???? ?????? ???? ??? ??? ??????? ,26200,"??? ??? ??????? ?????, ????? ???????, ???????"
?? ???? ???? ??????? ?????? ?????,1400,??????
????? ? ???? ???? ??????? ??? ????? ??? ,10900,"????? ?????, ??? ??????? ????? ??????, ??? ???? ???????, ???????"
?? ?????? ??? ??? ???? ??? ??? ??? ??? ???? ???!,37900,"????? ???, ??? ???, ??????"
????? ???? ?? ???????: ???? ???? ??????!,44500,"?????????????, ???? ?? ???, ??? ???? ??????, ??????"
???: ??? ??? ?? ????? ?? ?????? ???????? ???!,58300,"???? ??????, ????????, ??? ??? ????????, ????? ???, ??? ???, ??? ????? 2022 ???, ??????"
????? ???????? ? ???? ?? ????? ?????,20100,"????????, ????? ?????, ???? ?? ?????, ??? ???? ?????, ??????"
????: ???? ?? ??? ??? ?????? ?? ???? ??? ??? ???????,8100,"??? ??? ??????? ?????, ???? ?????, ???????"
???? ????????? ???? ? ????????? ?? ???? ??? ,18700,"??? ??? ???????? ?????, ???? ?? ?????, ???? ???? ????, ??????"
??? ? ????? ?????? ????????? ?? ?????? ?? ?????,40100,"??? ??? ??????? ?????, ?????? ???????, ???????"
"?????? ??? ???? ??? ??? ??????? ????? ???? ??",60400,"??? ??? ??????? ?????, ???????? ???????, ???????"
"??????????? ???! ?? ???? ? ????? ???? ????",86400,"??? ??? ????????, ????? ???, ??? ???, ??????"
????? ???? ?????? ?? ???? ?????? ???? (???),53200,"???? ??????, ???? ?? ????, ?????? ??????, ??? ?? ??????, ??????"
????? ??? ???? ??? ?? ???! ,7100,"?? ????? ?????, ???? ????? ??????, ??? ???? ?? ??????? NBA, ???????"
???? ???? ???? ??? ?? ????? ??? ??? ???????? ,4900,"???? ???, ??? ??? ???????? ?????, ??? ????? ????????, ??????"
???? ?? ??? ???? ???: ?? ????? ????? ???,41700,"??????????, ????? ???, ??? ???, ?????? ?????, ??? ???? ??????, ??????"
"???????? ?????? ??? ????? ?????? ??",38600,"?????, ????????, ??? ???? ?????, ??????"
?????: ???? ????? ????? ?????????? ???!,17600,"????????, ????? ?????, ??? ???? ?????, ??? ?????, ??????"
?????????: 90 ???? ?????? ?????? ???? ????? ????????,9600,"??? ??? ???????? ?????, ???? ???? ????, ??????"
???? ??? ????? ?????? ? ????? ?????,11500,"???????? ??????, ???? ???????, ??? ??? ???????? ?????, ??????"
????????: ??? ??? ?? ????? ?? ???????? ???????!,58400,"??? ??? ???????? ?????, ???? ?? ?????, ??????"
"?? ??????? ?????????? ????? ?? ?????? ?????",5700,"??? ???? ?? ??????? NBA, ???? ?????, ???????"
????? ???? ???????: ????? ?? ??? ??? ?????!,19900,"???? ??????, ??? ???, ??? ???????, ?????? ???????, ??????"
???? ?? ?????? ?? ????? ????? ???? ??!,28000,"????????, ????? ?????, ???? ?? ?????, ??? ???? ?????, ??????"
????? 510 ??????? ??????? ????? ???? ??????,36500,"???????, ???? ??????, ??? ???? ?????, ??????"
???? ??? ????? ????: ??? ?? ?????? ??????????,21100,"???? ??????, ???????? ??????, ?????? ???????, ??????"
????? ???????? ?? ??? ???? ???? ??? (???),42100,"????????, ????? ???, ??? ???, ??????"
????? ???? ?? ?????? ???: ??? ??? ?? ??? ???,53600,"???? ??????, ????????, ?????????, ??? ???, ??? ???????, ?????? ???????, ??????"
????? ????????? ?? ???? ????????? ???? ???????,48300,"??? ??? ?????, ???????? ?????? ??????, ???? ???? ????, ??????"
?????????? ?????? ?????? ?????? ???? ?????? ,16300,"???? ?????????, ??????"
"??? ?? ??? ???? ???? ???? ???????? ?? ????!",23700,"?? ?? ??, ??????, ??? ??? ???????, ??? ??? ????, ??? ??????? ???????, ???? ????????, ??????"
??????? ???? ?? ??? ????? ?????? ???,31900,"??? ??? ???????, ??????????, ????? ?????, ????? ???????, ??? ???, ?????, ?? ?????????, ??? ???? ??????, ??????"
??????? ? ???? ? ??? ???????? ???? ????? ???? ?????!,11500,????
?????? ????? ???? ??? ??????? ??? ????! ,17700,"??? ??? ?????, ???? ???? ????, ??? ???? ?????, ??????"
????? ???? ??????? ?? ????? ??????? ????????!,22800,"???? ??????, ????????, ???????, ?????????, ???????? ??????, ?????? ???????, ??????"
?????? ????? ???????? ????? ?? ???????? ??????,4800,?????
???? ????? ????? ???? ???????: ??? ????? ????!,29800,"???? ??????, ????? ?????, ??? ???????, ???? ???????, ?????? ???????, ??????"
????????: ????? ???? ?? ?? ???????? ????? ???? ?? ????,50700,"???? ??????, ????????, ?????? ????????, ?????????, ??? ???, ?????? ???????, ??????"
???????: ??????? ?????? ??? ????? 2034! ,37400,"????, ??? ??? ???????, ??? ??????? ???????, ??? ????? , ??????"
???? ?????? ???? ?????: ?? ??? ?? ??? ???!,36100,"???? ??????, ???? ??????, ??? ??? ??????, ??? ???, ?????? ???????, ??????"
???????? ???????? ????????? ?? ???? ?? ??????? ???? ,63400,"??? ??? ?????, ???? ???? ????, ??? ???? ?????, ??????"
1000 ?????? ????: ??? ???? ???? ?? ????? ??????,45500,"???? ??????, ????????, ????????? ???, ?????????, ??? ???, ??? ???????, ?????? ???????, ??????"
??????? 1300 ???????? ?????? ????? ?? ????!,34400,"???????? ??????, ???? ???????, ??????"
????? ???? ????????: ???? ???? ???? ?? ??? ??!,19500,"?????????????, ??????????, ???? ?? ???, ??? ???? ??????, ??????"
"????? - ??? ???? ???? ?? ??????? ?????",19000,"??? ??? ?????, ???? ???????, ??????"
??????? ? ????? ???? ??? ??????? ?????,19400,"???????? ??????, ???? ???????, ??????? ?????, ??????"
???? ???? ????????: ?????? ?????? ?? ?????!,50200,"???? ??????, ????????, ?????? ????????, ?????????, ??? ???, ?????? ???????, ??????"
?????????: ?? ????????? ?????? ?? ???? ???! ,16600,"??? ??? ?????, ???? ???? ????, ??????"
????? ?? ????? ???????: ???? ?? ?? ?? ??????!,20400,"???????, ????? ????, ??? ???? ??????, ??????"
???? ???? ????? ? ???? ???? ?? ??? ?????,18100,"????????, ????, ?????? ???????, ??????"
Without any tag,0,Without any tag
?? ??? ?? ??? ???? ?????? ??? ????,37600,"???? ??????, ??? ??????, ??? ???, ?????? ???????, ??????"
??????? ????????? ???? ?? ????: ????????????? ???!,108700,"???? ??????, ????, ????? ?????, ??? ???????????, ?????? ???????, ??????"
?? ???? ????? ????????: ??????? ??? ??? ???? ??????,13900,"??????, ??? ??? ???????, ??? ??? ????, ??? ??????? ???????, ??? ???, ???? ????????, ??????"
?????? ????? ????? ???????: ????? ?? ?? ????!,53000,"?????????????, ?????? ??????, ??? ???? ??????, ??????"
????? ? ?? ?????? ????: ??? ?? ?? ????? ????!,70200,"??? ??? ??????? ?????, ???? ?????, ???????? ???????, ???????"
???? ??????? ?? ?? ???? ???: ?????? ?? ????????,42800,"???? ??????, ????????, ???? ????? ???????, ?????????, ?????? ???????, ??????"
????? ?????? ?? ???????: ???? ????? ??????,253800,"???????, ??? ???? ?????, ??????"
"??? ??????? ??? ????: ??? ??? ????? ?? ?? ????!",147400,"????? ???, ???? ?? ????, ??? ???, ??? ????? 2022 ???, ?????? ?????, ?????, ??? ????? , ??????"
???? ????? ??????? ???? ??????? ????? ????,55700,"???? ??????, ???? ????, ???? ??????, ?????????, ?????? ???????, ??????? ?????????, ?????? ??????, ????? ???????, ?????? ???????, ??????"
?????? ??? ??? ? ???????? ??? ?? ?? ???! ,9800,"?????? ????, ??? ??? ?????? ????, ??????? ?????? ????, ??????"
?????? ??? ????????? ??????-???????? ??? ???!,33400,"?????? ??? ????, ??? ???? ?????, ??????"
???? ?????? ??? ?? ????? ???? ??,78400,"????????, ????? ???, ??? ???, ??????"
"??? ??? ????? ????? ???? ??? ??????!",12400,"????? ????????, ???????? ??????, ??? ???? ?????, ??????"
????? ???? ????? ??: ??? ??? ???? ????? ??????!,41900,"??????????, ???? ?? ??????, ??? ??????? ???????, ??????"
??????? ??? ?? ??? ????: ???? ?????? ?????!,30100,"????????, ????? ???, ??? ???, ??????"
????? ??? ???????? ???? ?????? ?? ???,12500,"????????, ??? ???? ?????, ??????"
????? ?????? ?????? ?? ????? ?????,54500,"???? ??????, ????? ???, ???? ?? ????, ??? ???, ?????? ??????, ???????? ??????, ?????? ?????, ??? ???????, ??? ?? ??????, ??????"
?????: ????? ?? ???????? ???? ??????!,30600,"?????, ????? ?????, ??? ???? ?????, ??????"
????? ????? ?? ??????? ?? ??????? ???? ??????,20200,"?? ???????, ???? ??????, ??? ???? ?????, ??????"
????? ???????? ???? ???? ???? ?? ??? ??????!,18300,"????????, ???? ??????, ??? ???? ?????, ??????"
??? ?? ?????? ? ?????: ??? ???????? ?????? ?????,36800,"????? ???, ??? ???, ?????? ?????, ??????"
???????? ????? ?????? ?? ,75200,"?????, ????? ????, ??????? ??????, ??? ???????, ??????"
?????????? ??? ??????: ????? ?? ???? ? ??????? ????,16300,"???? ??????, ????????, ?????????, ??? ???, ??? ???????, ??? ?? ???????, ?????? ???????, ??????"
????? ????? ??? ??? ???? ?? ???????? (???),10300,"?????? ????, ???? ????, ??? ??? ???? ?????, ??????? ?????? ????, ??????"
???????: ?? ? ????? ???? ?????? ??????!,14500,"???? ???????, ?????? ?????, ????"
????: ??? ???? ?? ??????? ? ?????? ????!,32500,"????????, ????? ???, ????????? ???????, ??? ???, ?????? ??????, ?????? ?????, ????? ????, ??????"
????: ????? ?????? ?? ???? 4 ???? ????? ???,50100,"???? ??????, ????????, ?????????, ???????? ??????, ?????? ???????, ??????"
??????? ???? ??? ???: ??? ?????? ??? ?????!,15800,"??? ??? ??????? ?????, ?????? ????, ???????"
????? ??????????? ???? ????? ????? ????????,69000,"????????, ???? ?????, ??? ???? ?????, ??????"
???? ??????? ?? ?????? ??? ???? ???!,106500,"????? ???, ????????? ???????, ??? ???, ????? ??????, ????? ????, ??????"
?? ????? ??? ?????? ????? ??? ?? ?? ????????!,21500,"?????, ????? ???? ???????, ??? ???? ?????, ??????"
??? ??? ?? ?? ??? ??? ??????? ??? ????,8000,"??? ??? ???? ?????, ????? ??? ??????"
"???: ???? ??? ?? ? ??????? ???? ?? ????? ??? ?????!?",179000,"????????, ????? ???, ????????? ???????, ??? ???, ?????? ?????, ??????"
??????? ???? ?????? ??? ???? ?? ???? ???????,9600,"??? ???? ??????, ??????"
???? ??????? ?????? ?? ??????? ???? ????!,13600,"??????, ?????? ??????????, ??? ? ???????, ??????"
??? ??????? ???? ?? ????? ??????? (?????),28800,"???????, ?????? ??? ????, ????????? ????, ??? ???? ?????, ??????"
????? ???????? ?? ????????? ??????,65700,"????????, ???? ?????, ??? ???? ?????, ??????"
Without any tag,0,Without any tag
??? ??? ??? ???? ???????? ??? ???,22500,"????, ??? ??? ????????, ????? ???, ??? ???, ?????????? ???????, ??? ???? ??????, ??????"
?????? ????: ???? ?????? ??? ????? ???? ????! ,18500,"??????, ???? ?????, ??? ???? ??????, ????? ?????, ??????"
????????? ???? ?????? ?? ???? ??????? ,12900,??????
??????? ??? ??????????? ???? ???? ???? ??????!?,32000,"?????????????, ????? ????, ???? ?? ???, ????? ?????, ??? ???? ??????, ??????"
????? ?? ?????? ??????: ???????? ????? ?? ????? ??????,41900,"???? ??????, ????????, ?????? ????????, ?????????, ?????? ???????, ??????"
???? ????? ??? ??????? ?? ???????? (???),29000,"????????, ???? ???????, ??? ???? ?????, ????? ?????, ??????"
???? ??? ??? ??: ??????? ??? ????? ?????,22100,"???? ??????, ????????, ?????????, ????, ?????? ???????, ??????"
?? ???? ???? ? ?????? ????? ??????? ? ???????,6200,"??? ???? ???????, ???????"
????? ?????? ????? ????: ??? ?? ????? ?????????!,18400,"?? ?????, ?????? ?????, ??? ??????, ??? ? ???????, ??????"
??????? ??? ??? ????? ?? ????? ?? ????!,44400,"????, ??? ???, ?????? ?????, ???? ???????, ??? ???? ??????, ??????"
?????? ???? ?? ????? ????: ????? ?? ??? ??? 1 ????????,32200,"???? ??????, ???????? ??????, ???????, ?????? ???????, ??????"
"???? ???? ??????? ????????? ????",34200,"????, ???? ?? ??????, ???? ????, ????, ??? ???? ??????, ??????"
??? ???? ????????????? ???????? ???? ?? ??? ???,38200,"????? ???, ??? ???, ??? MLS ??????, ????? ?????, ??????"
??????? ??? ?? ????? ????? ???????? (???),20400,"???????, ??? ??? ?????, ??? ???? ?????, ??????"
??? ?????????? ???????: ??? ???? ?? ????? ????!,53700,"????????? ???????, ?????, ??? ??????? ???????, ??????? ???????, ??????"
???? ??????? ??????? ???? ?? ???? ??????!?,11200,"???????, ????? ????, ??? ???? ??????, ??????"
???? ??????????? ???? ?? ????? ??????!,16000,"??????, ???? ?????, ??? ???? ?????, ??????"
????? ????????? ?????? ?? ??????? ???? ???? ??,2300,"??? ??? ????, ????"
??? ????? ?? ?????????? ??? ???? ?? ????? ???,162300,"??????, ??? ??? ???????, ??? ??? ????, ??? ??????? ???????, ???? ????????, ??????"
"???????: ????? ???? ?? ?????? ??? ??? ????! ",38100,"?????, ????????, ???? ?? ?????, ??? ???? ?????, ??????"
???? ??? ?????? ???????? ?? ????? ???? ?????????,156500,"????????, ??? ?????, ??????? ?????????, ??? ???? ?????, ??????"
?????? ?????? ???????? ???? ?????? ?? ????,26400,"?????, ?? ???????, ??? ???? ?????, ???? ?????, ??????"
?????? ????????? ?? ???? ?????? ??? ??? ????,14000,"???? ????? ???, ??????"
??????? ??? ?? ????? ???: ??? ???? ????!?,28200,"????? ???, ??? ???, ??? MLS ??????, ????? ?????, ??????"
"????????? ???????????? ?? ??? ??? ??????!?",29700,"????? ???, ??? ???, ??????"
????? ??? ???????? ???????? ?? ??? ??????????,29400,"???? ??????, ????????, ?????????, ?????? ???????, ??????"
Without any tag,0,Without any tag
??????? ???? ???? ?????? ???????,19500,"????? ?????, ????????? ??????, ??????"
??????????: ?? ????? ?? ???? ?????,49400,"???? ????? ????, ??????, ??? ???? ?????, ??????"
????? ?????? ?? ??? ??????,35300,"??????, ?????? ??????, ???? ??????, ??? ???? ?????, ??????"
???? ????? ?????? ?? ????? ?????? (???) ,28500,"??????, ????? ????????, ??? ???? ?????, ?????? ????, ??????"
????? ????? ????? ?? ???: ??? ???? ???? ????!?,34100,"???? ??????, ????????, ?????????, ??? ???????, ????, ?????? ???????, ??????"
???????? ????? ? ??????? ?? ????,15100,"???????, ???? ?????, ??? ??????? ???????, ??????"
?????? ?????? ?????? ?? ????? ????????,16800,"????????, ??? ?????, ???? ?? ?????, ??? ???? ?????, ??????"
??????? ?????? ?? ??? ???: ?? ????? ????? ??????!?,111500,"???? ?? ????, ??? ???, ?????? ??????, ??????"
????? ?????? ???????? ?? ????? ?????,10100,"??? ??? ????, ??????"
???? ??? ??? ?? ??????? ???????: ?????? ????? ???????,34600,"????? ???, ??? ???, ??????"
??? ??????? ?? ????? ???: ???? ????! (???),58600,"????????? ???????, ?????, ???????, ??? ??????? ???????, ??????"
??????? ??? ???????? ????? ?????? ????,5600,"??? ??????????, ??? ???????, ??????? ????, ??????"
??? ??? ???? ?? ????? ?????? ?? (???),56900,??????
??????? ?? ?????? ?????? ????? ?? ????? ??????? ????,2300,"??? ??? ????, ????"
??? ?? ?????? ????? ????? ??? ???? ??????!?,15500,"??? ??? ???????, ????? ?????, ??????"
???? ??? ??????? ???? VAR ??????? ?????!,10100,"???????, ??????, ??? ???? ??????, ??????"
"???????: ???? ?? ???????? ?? ????? ?? ???!",61300,"????? ???????, ???????, ??????"
??? ??? ???????? ???? ?? ???? ?? ??????? ,9000,"?????, ????? ????, ??????? ??????, ??? ???? ?????, ??? ???????, ??????"
?????? ?????? ?VAR? ????? ???????: ?????? ?? ?????? ??????!?,39600,"????????? ???????, ?????, ???????, ??? ??????? ???????, ??????"
??????????? ????? ??? ?????? ???? ?? ??????? ????,10500,"??????, ??? ??? ???????, ??? ??? ????, ??? ??????? ???????, ???? ????????, ??????"
???? ?????? ??????? ??? ?? ???????? ?????!,19600,"?????, ??? ??, ????? ??????, ???? ???????, ??? ? ???????, ??????"
????? 7 ??? ???? ???: ???????? ???? ??,14000,"??? ??? ????, ?? ??????, ??????"
?????? ??????? ?????? ?? ???? ????? ???? ???! ,7100,"??????, ???? ?????, ??? ???? ?????, ?????? ????, ??????"
??? ????? ???????? - ???????: ???? ???? ???,71800,"???????, ????????, ???? ??????, ??? ???? ?????, ??????"
???????? ?? ?????? ?? ?????? ???? ??? ????? ???17 ???!,4800,"??? ??? ???????? ?????, ??? ????? ????????, ???? ????, ??????"
?????? ???? ?? ?????? ????? ???? ???,3700,"????????, ?????? ???????? ??, ??? ???? ?????, ??????"
??? ???? ??????? ??? ?? ??????? ??? ???? ???!,11700,"?????, ????, ?????, ??? ?? ??????, ??????"
???? ??????? ????? ?? ?? ??????? ?????????,26800,"????????? ???????, ?????, ???????, ??? ??????? ???????, ????? ????, ??????"
????? ???????? ?? ?? ????? ?? ??? ???? ??????,8400,"?? ???????, ???? ??????, ??? ???? ?????, ??????"
?????????? ???? ????? ??? ?????!,46300,"????? ?????, ????? ????, ????????? ?????, ??????"
?? ??? ????? ????? ?????? ????!,21700,"????????, ????, ?????? ???????, ??????"
???? ???? ? ?????? ???? ?? ?????? ????????!,76300,"????????, ??????? ?????????, ??? ???? ?????, ??????"
???????? ???? ??????? ?????: ?? ?????? ?? ????!,30300,"??????????, ??? ???, ?????? ?????, ??????"
????? ??????? ?? ???????: ????? ?????? ???!,39900,"????????? ???????, ?????, ???????, ??? ??????? ???????, ??????"
???? ?????? ????? ?? ???: ??????? ???,24900,"????????, ????? ???, ?????? ???????, ??????"
???? ?? ??????????: ??????? ?????? ??? ?????!,32000,"????, ???? ??????????, ??????"
??????? ?????? ???? ??? ?????? ???????!,22500,"????, ??? ???, ??? ???? ??????, ??????"
?? ? ?????? ?? ????? ??? ??????! (???),16100,"??????, ??? ???? ?????, ??????"
????? ?????: ??????? ?? ???????? ?????? ???????,28500,"????????, ???????, ??? ?????, ??? ???? ?????, ??????"
??? ?????? ??? ??????? ???? ????? ???? (???),21600,"???? ??????, ??? ???????, ?????? ???????, ??????"
"??? ??? ?????? ?????????? ???? ??? ? ??????",10300,"??? ??? ??????? ?????, ??? ??????? ????? ???, ??? ???? ???????, ???????"
????? ?????? ?????? ?? ???? ????? ?????!,11000,"???????? ????, ??????"
???? ????????? ??????? ?? ???? ????? ??? (???),68700,"????????? ???????, ?????, ???????, ??? ??????? ???????, ??????"
????? ???? ??????? ??? ?? ???????,9500,"???????, ???????, ??? ??????? ???????, ???????, ??????"
????? ??? ?? ?????? ?? ????? ???? ??????,9500,"??????, ???? ?????, ??? ???? ?????, ??????"
????? ? ???? ????? ???? ????? ???!,12900,"??? ??? ???????? ?????, ??? ????? ????????, ??????"
????????? ?? ?? ? ???? ???? ????? ?????!,81100,"??? ??, ?????? ??????, ????? ?????, ??? ? ???????, ??????"
??????? ???? ?????????? ?????? ??? ????????? ?????,11300,"??? ??? ???????? ?????, ????? ???, ??? ????? ????????, ???? ????, ??????"
???????? ??? ?????? ?? ?? ????? ???? ???????!,22500,"????????, ?????? ????????, ??? ???? ?????, ??????"
????? ????????? ?? ?????? ??????!,27800,"??????, ????? ???????, ??? ???? ?????, ??????"
?? ? ?? ?? ????? ???? ?? ??? ??? ?? ??? ??????,5300,"????????, ??? ???, ???? ??????? ???, ????? ????, ??? ???? ?????, ??????"
???? ???? ?? ???? ????? ??,11900,"??? ??, ??? ??? ??????, ???? ????????, ??? ? ???????, ??????"
????: ???? ???? ???????? ?? ??????? ?????,30700,"????????, ??????? ?????, ??? ???? ?????, ??????"
??????????? ?? ??? ?? ??? ???? (???),9100,"????? ????, ??????? ???, ??? ??, ??????"
????? ?? ??? ???? ?????: ???? ??? ??!,30800,"????????? ?????, ??? ???? ?????, ??????"
??????? ?? ?????? ?????? ????,4900,"?? ???????, ???? ??????, ??? ???? ?????, ??????"
???? ???????? ??? ???? ???? ?? ?? ???????,50600,"??????, ??? ??? ???????, ??? ??? ????, ??? ??????? ???????, ???? ????????, ??????"
???? ? ??? ??? ?? ??? ??? ??? ??? ???,12500,"???????, ???????? ???????, ???? ????, ????? ??????, ??? ???? ?????, ??????"
????? ???? ?????? ? ??????: ?????? ???? ????!,22300,"???????, ??????????, ??????? ?????, ?????? ????????, ??????"
???? ?? ?????? ?? ?? ??? ?? ?? ???????!,13800,"????, ?????????? ???????, ??? ???? ??????, ??????"
??? ??? ???? ????? ? ????: ?????? ???????,8300,"??? ??, ?????? ??????, ????? ?????, ????? ?????, ???? ???????, ??? ? ???????, ??????"
?????? ???? ?? ????? ?? ???? ????? ???,6100,"??????, ????? ????, ????? ??? ?????, ????? ????, ??????"
????? ?? ?????? ????? ??????,17000,"????? ?????, ????? ????, ????????? ?????, ??????"
?????? ???? ???? ???? ?????? ?? ??????? ??????? (???),16400,"???? ????????, ???? ???????, ??????"
????? ???? ???? ?? ????? ?????,38900,"?????, ???? ?????, ??? ??? ????, ??? ???? ??????, ??????"
??? ???? ???? ????? ??? ???? ???? ?? ???? ??????,9200,"?????, ????????, ??? ???? ?????, ??????"
???? ???????? ???? ???? ?? ??? ??????? ??? ??!,6500,"???? ?????, ????"
????? ?????????? ???? ????: 4 ????? ????? ???????,21700,"???? ??????, ???????? ??????, ??????? ?????????, ???????, ?????? ???????, ??????"
???? ?????? ???? ???: ????? ??? ??? ?? ????!,19600,"????? ???, ??? ???, ??????"
"???? ?? ??? ???? ????? ???????? ???????? (???)",12900,"???? ??? ??????, ??????? ???????, ??? ???? ?????, ??????? ????, ??????"
????? ??????? ?? 40 ???? ???? ???,14100,"??? ???, ??? ???? ?????, ???? ?????, ??????"
???? ??? ???? ???????? ?????? ?????,18800,"????? ?????, ????????? ?????, ??????"
Without any tag,0,Without any tag
????? ? ????????? ??????? ?? ??? ???,21100,"?????? ?????, ??????, ??? ???? ?????, ??????"
????? ???? ????? ???????? ?? ??? ???,9900,"??????, ??? ??? ???????, ??? ??? ????, ??? ??????? ???????, ??? ???, ???? ????????, ??????"
???? ??????? ???? ???? ?????? ????? ????,16200,"????????, ??????? ?????, ??? ?????, ??? ???? ?????, ??????"
?????: ???? ?? ??????? ???? ?? ??? ??? ?????!,20000,"?????? ?????, ?????, ???????, ??? ??????? ???????, ??????"
???????? ???????? ?? ????? ?????? ???? ???????,20500,"???? ??????, ????????, ?????? ????????, ?????????, ?????? ???????, ??????"
????? ????? ?? ???? ????? 40 ???????? ?? ??????!,8800,"?????, ??? ??, ????? ??????, ??? ? ???????, ??????"
???? ????????? ???? ?????? ??? ???? ???,32600,"????? ???, ???? ?? ????, ???? ???????, ??? ???, ??? MLS ??????, ??? ?? ??????, ????? ?????, ??????"
Without any tag,0,Without any tag
????? ????? ????? ???? ????? ?? ????,20800,"???????, ???????? ???? ????, ??? ???? ?????, ??????"
???????? ?? ??????? ????? ????? ?? ???????!,33700,"????????, ???????, ??? ???? ?????, ??????"
????? ???? ???????? ???????: ???????????? ??? ?????!,17300,"?????????????, ???? ?? ???, ????? ??????, ??? ???? ??????, ??????"
?????? ?????? ??? ???????: ??? ??? ??? ?????!,11800,"???? ????????, ??? ??????? ???, ???? ?????, ????, ??????"
????? ???? ???? ???? ???? ?? ??? ???? ??!,17300,"????? ?????, ????????, ????? ?????, ????????? ?????, ??????"
??? ???? ???????? ??????? ?? ??????? ??????,9200,"????? ?????, ??? ? ???????? ?????, ????????? ?????, ??? ??? ????, ??? ????, ???? ????? ???, ??????"
??????? ?????? ?????? ???? ?? ?? ??????,22700,"????????, ????????? ???????, ?????, ??????, ??? ???????? ????, ??????"
????????: ???? ???? ???? ???? ??? ????!,8100,"???? ??????, ???????? ??????, ?????? ???????, ??????"
???????? ???? ???????? ?? ?? 9 ????,12700,"????????, ?????, ??? ???????? ????, ??????"
???? ??? ??? ?? ??? ????? ???!,69800,"????? ???, ??? ???, ????? ??????, ??????"
??? ????? ????? ???? ?? ??????? ???,17900,"????, ??? ??? ???????, ??? ????? , ??????"
???? ??????? ?????? ??? ??? ??????! ,12100,"??????, ??? ??? ???????, ??? ??? ????, ??? ??????? ???????, ???? ????????, ??????"
????? ???????? 24 ????? ??????,24600,"????????, ?????? ????????, ??? ???? ?????, ??????"
??? ???? ??? ??????? ??????? ?? ??? ?????!,1900,"??? ????? , ??????"
????? ???? ??? ?? ?? ??????!,35300,"????????, ??????, ????? ?????, ?????? ???????, ??????"
?????? ? ?? ???? ????: ??? ??????!,15800,"?????, ??????, ???? ??????, ??? ???? ?????, ??????"
???? ????? ???? ???? ?? ??????? ??????? ??? ??,35400,"???? ??????, ?????????????, ??? ????????, ??? ???????, ?????? ???????, ??????"
?????????? ?????? ????? ??????? ????? ?? ???????,18200,???????
"???? ??????? ?? ?????? ????? ??????? ???!",19500,"?????? ????, ???????? ??????, ??? ???? ?????, ??????"
"???????? ???? ???? ????? ?? ??? ????",9800,"????? ????????, ??????? ??????, ??? ???? ?????, ??????"
?????? ??? ????? ??? ???: ??????? ????? ??????? ???!,14000,"??? ??? ??????? ?????, ????? ?????, ???????"
" ????? ??????? ????? ?? ?????? ????? ???????!",10500,"???? ??????, ???? ??? ?????? ??????, ????"
???????? ?? ?? ???? ???? ?? ????? ??????,4600,"????????? ?? ?????, ????? ????????, ?????????"
?????????? ?? ???????: ??? ?? ??? ??? ????!,35500,"???? ??????, ??? ??? ?????, ????? ???????, ?????? ???????, ??????"
????????? ? ???? ???? ??????!,24400,"???????, ??? ???? ?????, ???? ????? ???, ??????"
48 ???? ?? ???? ?? ??????? ???? ?? ??? ????,25800,"?? ???????, ??? ???? ?????, ??????"
???????? ??????? ?? ??????? ????? ?????!,17700,"???????, ??? ??? ?????, ??? ???? ?????, ??????"
???? ???? ??? ???: ?????? ?? ????? ? ????? ??? ????,8500,"??? ??? ??????? ?????, ????? ????? ????, ???????"
??? ????? ??????? ?? ????? ?? ???? ?? ?????,3000,"???????, ????? ??????, ??? ???? ?????, ??????"
????? ????? ?? ?????????????? ???? ???!,7000,"?? ??????? ?????, ??? ???? ?? ??????? NBA, ???????"
????? ??? ??? ???? ?? ????? ?????? ?????,2900,"?????? ????, ??? ??? ?????? ????, ??????? ?????? ????, ??????"
?????? ??? ????????? ?????? ???? ???!(???),3900,"?? ?????, ???? ?????, ??? ???????, ??????"
????? ?? ?????? ????????? ?? ????? ????!,4100,"????????? ????, ??? ???? ?????, ??????"
?????? ???? ???? ?? ????? ?? 13 ???? (???),10000,"?????, ????, ?????, ??? ?? ??????, ??????"
??? ??? ??? ? ??? ????? ??????? ???? ??? ???!,43700,"????????, ??? ??? ????????, ????? ???, ??? ???, ?????? ???????, ??????"
"??? ???????: ??? ???????? ???? ?? ???????!",9000,???????
Without any tag,0,Without any tag
???? ?????? ???? ???? ??????: ??????? ????????!,13700,"?????? ????, ??? ??? ??????, ???? ????, ??????"
"??? ???? ???? ???? ??? ??? ????? ?? ??????",10400,"???????? ??????, ???? ???, ??? ???? ?????, ??????"
???? ?????: ????????? ?? ??????? ?????!,47100,"??????, ??? ??? ?????, ?????, ??? ??????? ???????, ??????"
???? ?????? ?? ?????? ? ????? ?? ??????!,95400,"????????, ???? ?? ?????, ??? ???? ?????, ??????"
????? ??????? ?? ??? ???? ???: ???? ??? ????!,4600,"????????, ????? ???, ??? ???, ?????? ???????, ?????? ???????, ??????"
??????? ???? ???? ?? ???????? ??????,9300,"????????, ??? ?????, ????? ???????, ??? ???? ?????, ??????"
?? ???? ? ????????? ?? ?? ?????????? ?????????!,25600,"???? ??? ??????, ??? ???? ?????, ??????? ????, ??????"
??? 102 ??????? ?????? ???????? ?? ????,21300,"????????, ??? ???? ?????, ??????"
????? 0 - ??????? 1 : ?????? ???????,50300,"?????? ????, ??? ??? ?????? ????, ??????? ?????? ????, ??????"
???? ????? ??????? ????: ??? ???? ????!,15700,"???????, ????? ????, ??? ???? ??????, ??????"
?? ???? ???? ??????? ???????? ???????! (???),30300,"???? ??????, ???????, ???????? ??????, ?????? ???????, ??????"
??? ???? ??? ?? ?????? ?????? ??? ??? (???),5200,"????? ???, ??? ???, ??????, ??????"
"???? ???????? ?????? ???!",6500,"????????, ??? ?????, ???? ?? ?????, ??? ???? ?????, ??????"
 ?? ?????? ?? ???? ?????? ??????? ?????!,6100,"????????, ??? ?????, ??? ???? ?????, ??????"
???? ?????? ?? ?? ????? ??????? ?? ????,14100,"?????????????, ??????????, ??????, ???? ?? ???, ??? ???? ??????, ??? ??????? ??????, ??????"
????? ?????? ??????? ????? ????? ????? ???? ???? ,3100,????? ????? - ??? ????
???? ???? ???? ???????? ???? ???? ??,3300,"????????, ???? ??? ??????, ??? ???? ?????, ??????"
???? ??? ???: ????? ??????? ????? ????? ?? ????,4400,"???? ??????, ???????? ??????, ???????, ?????? ???????, ??????"
???????? ??? ??? ?? ???: ??? ??? ???? ???? ??!,35900,"??? ??? ????????, ???? ???????, ??????, ??? ???, ??? ???? ??????, ??? ????? , ????? ??????, ??????"
????? ?? ????? ? ????: ??? ??? ?? ???? ???,10900,"?? ?????, ????? ????, ??????? ?????, ??? ? ???????, ??????"
???? ?????? ????????? ???? ???? ??!,11800,"????????, ???? ??? ??????, ??? ???? ?????, ??????"
????? ?????????: ??? ?????? ?? ???? ?????? ???,20700,"????????, ????, ?????? ???????, ???? ???????, ?????????, ??????? ????????, ??? ????, ?????? ???????, ?????? ???????, ?????? ???????, ??????"
?????? ????? ???????: ????? ?? ?????? ????? ??????,5300,"??????, ???? ?????, ?????? ????, ??? ???? ??????, ??????"
???? ??? ???? ??????? ?? ???? ?? ???,336000,???????
??????? ????? ????????? ?????? ??????? ????? ?? ?? ??? ,39500,"??? ??? ??????? ?????, ?????? ???????, ?????? ?????, ???????"
??? ????????? ???????: ?????? ????? ?? ?? ??????!,16200,"?????????????, ???? ?? ???, ????? ?????, ??? ???? ??????, ??????"
??????? ??????? ??? ?? ??? ???,6700,"????????, ????? ???, ??? ???, ????? ??????, ?????, ??????"
?????? ??? ??? ? ?????? ??? ?????!,4800,"?????, ??? ??, ????? ??????, ??? ? ???????, ??????"
???? ????? ???: ???? ?????? ??? ??? ???,5800,"???? ??????, ?????? ???????, ??????"
???????? ???????? ?? ?????? ?????? ??? ???,9300,"????????, ??? ?????, ??? ???? ?????, ??????"
????? ????: ???? ???????? ?? ?? ???????? ???????,2100,"?? ???????, ??? ???? ?????, ??????"
????? ????: ???? ???? ???????? ?????!,6400,"???? ??? ??????, ??? ???? ?????, ??????? ????, ??????"
??? ??? ???????? ??????? ?? ???????,24300,"???? ??????, ????????, ???? ???????, ?????????, ????, ?????? ???????, ????? ???? ?????, ??????"
????? ???? ????? ??: ??????? ?? ???? ???????,13800,"?????????????, ???? ?? ???, ??? ???? ??????, ??????"
???????? ????: ??? ????? ??????? 2024 ???? ????!,17400,"???? ??????, ????? ?????, ??? ? ???????? ?????, ??????? ?????, ????????? ?????, ??????"
??????? ?????: ???? ????? ?? ??? ??? ????!,5200,"???? ??????, ????????, ?????????????, ????, ?????? ???????, ???????? ??????, ??? ???????, ??????, ?????? ???????, ??????"
???? 180 ???????: ??? ????? ??? ???????,12100,"???????, ????? ????????, ??? ? ???????, ??????"
??? ??????? ?? ??????? ???? ????!,18800,"???????, ??? ???? ?????, ?????? ?????, ??????? ??????, ??????"
?????? ????? ???: ????? ?? ??? ?????? ?????,6500,"?????? ?????, ??? ??? ???? ??????, ?????? 2024 ?????, ???? ??????"
????? ??????? ???? ??????? ?? ?????? ??????,4000,"???????, ?????? ???????, ??? ? ???????, ??????"
???: ????????? ??? ???????? ?? ????,3000,"???????, ??? ???? ?????, ???? ???, ??????"
"??? ??? ?? ???????? ?? ?????? ????? ?? ???? ????!",9200,"????? ???, ???? ?? ????, ??? ???, ??????"
??????????? ?????: ?? ???? ??????? ? ??? ??? ?????,3400,???????
???????? ???? ???????? ??? ????? ??????? ??? ??,9800,"???? ???, ???? ??? ???????, ??? ???? ?????, ??????"
???? ??????? ?????? ???? ???? ???? ?????????,5800,"???????, ??? ??????, ??? ???? ?????, ???? ????? ???, ??????"
????? ???? ????? ????? ???????? ?? ????? ???,13700,"????????, ????? ???, ????? ??????, ??? ???? ?????, ??????"
????? ???? ?????? ?????? ????? ?? ???????,16800,"?????, ?????, ???? ?????, ??? ? ???????? ?????, ?????? ???????, ??? ???? ??????, ??????"
????? ?????? ????????????? ?? ????? ?????,10000,"?????????????, ???? ?? ???, ??? ???? ??????, ??????"
??????? ????? ???? ??????? ??????? ??? ???,1100,"???? ???????, ????"
??????: ???? ?? ?????? ??? ??????? ???,1900,"??????? ???????, ?????? ??????, ??? ???? ?????, ??????"
????? ??????? ???? ?? (???),4700,"??? MLS ??????, ???? ??, ????? ????, ????? ?????"
???????: ???????? ??? ???? ????,8200,"????????, ??? ???? ?????, ????? ???????, ??????"
????: ????? ????? 4 ???? ????? ??? (???),12300,"????? ?????, ????????? ?????, ??????"
?????? ??????? ??????? ?? ?? ????? ?? ?????,13100,"????????? ???????, ?????, ???????, ??? ??????? ???????, ??????"
?????????: ???? ??????? ??? ??? ?? ?? ????? ?????,3700,"???? ???, ???? ?????????, ??????"
?? ?????? ????? ?????? ?? ??????? ????????!,9000,"??????, ????????, ???? ?? ?????, ???? ??????, ??? ???? ?????, ??????"
??? ??????? ??????? ????? ??????!,9400,"???????, ??????????, ??? ? ???????? ?????, ?????? ????????, ??????"
??????: ??? ?? ?????? ???????? ???! ,4300,"??? ??? ?????? ?????, ???? ??????, ??????"
???? ???? ???????? ?????? ??,4100,"????????, ??? ???? ?????, ??????"
Without any tag,0,Without any tag
???? ?????? ???????? ?? ??????????? ?? ?? ?????,2200,"????????, ????? ?????? ????, ??? ???? ?????, ??????"
?????? ???? ?????? ???? ???????? ?? ?????? ,1700,"?????, ??????, ??? ???? ?????, ???? ?????, ??????"
"??????? ??? ?? ???? ???? ????? ??? ??? ?????",389000,"?????????????, ???? ?? ???, ??? ???? ??????, ??????"
??????? ??????? ?? ???????? ?????? ,393000,"??????, ????? ???????, ??? ???? ?????, ??????"
?????: ??? ?? ???? ??? ???? ??? ?? ??? ,323000,"?????? ????, ??? ??? ?????? ????, ??????? ?????? ????, ??????"
???? ???? ????? ??? ?? ????? ????? ????? ???!,2000,"????????, ???? ?? ?????, ??? ???? ?????, ???? ?????, ??????"
Without any tag,0,Without any tag
Without any tag,0,Without any tag
Without any tag,0,Without any tag
Without any tag,0,Without any tag
Without any tag,0,Without any tag
Without any tag,0,Without any tag
Without any tag,0,Without any tag
Without any tag,0,Without any tag
Without any tag,0,Without any tag
Without any tag,0,Without any tag
Without any tag,0,Without any tag
Without any tag,0,Without any tag
Without any tag,0,Without any tag
Without any tag,0,Without any tag
Without any tag,0,Without any tag
Without any tag,0,Without any tag
Without any tag,0,Without any tag
Without any tag,0,Without any tag
Without any tag,0,Without any tag
Without any tag,0,Without any tag
Without any tag,0,Without any tag
Without any tag,0,Without any tag
Without any tag,0,Without any tag
Without any tag,0,Without any tag
Without any tag,0,Without any tag
Without any tag,0,Without any tag
Without any tag,0,Without any tag
Without any tag,0,Without any tag
Without any tag,0,Without any tag
Without any tag,0,Without any tag
Without any tag,0,Without any tag
Without any tag,0,Without any tag
Without any tag,0,Without any tag
Without any tag,0,Without any tag
Without any tag,0,Without any tag
Without any tag,0,Without any tag
Without any tag,0,Without any tag
Without any tag,0,Without any tag
Without any tag,0,Without any tag
Without any tag,0,Without any tag
Without any tag,0,Without any tag
Without any tag,0,Without any tag
Without any tag,0,Without any tag
Without any tag,0,Without any tag
Without any tag,0,Without any tag
Without any tag,0,Without any tag
Without any tag,0,Without any tag
Without any tag,0,Without any tag
Without any tag,0,Without any tag
Without any tag,0,Without any tag
Without any tag,0,Without any tag
Without any tag,0,Without any tag
Without any tag,0,Without any tag
Without any tag,0,Without any tag
Without any tag,0,Without any tag
Without any tag,0,Without any tag
Without any tag,0,Without any tag
Without any tag,0,Without any tag
Without any tag,0,Without any tag
Without any tag,0,Without any tag
Without any tag,0,Without any tag
Without any tag,0,Without any tag
Without any tag,0,Without any tag
Without any tag,0,Without any tag
Without any tag,0,Without any tag
Without any tag,0,Without any tag
Without any tag,0,Without any tag
Without any tag,0,Without any tag
Without any tag,0,Without any tag
Without any tag,0,Without any tag
Without any tag,0,Without any tag
Without any tag,0,Without any tag
Without any tag,0,Without any tag
Without any tag,0,Without any tag
Without any tag,0,Without any tag
Without any tag,0,Without any tag
Without any tag,0,Without any tag
Without any tag,0,Without any tag
Without any tag,0,Without any tag
Without any tag,0,Without any tag
Without any tag,0,Without any tag
Without any tag,0,Without any tag
Without any tag,0,Without any tag
Without any tag,0,Without any tag
Without any tag,0,Without any tag
Without any tag,0,Without any tag
Without any tag,0,Without any tag
Without any tag,0,Without any tag
Without any tag,0,Without any tag
Without any tag,0,Without any tag
Without any tag,0,Without any tag
Without any tag,0,Without any tag
Without any tag,0,Without any tag
Without any tag,0,Without any tag
Without any tag,0,Without any tag
Without any tag,0,Without any tag
Without any tag,0,Without any tag
Without any tag,0,Without any tag
Without any tag,0,Without any tag
Without any tag,0,Without any tag
Without any tag,0,Without any tag
Without any tag,0,Without any tag
Without any tag,0,Without any tag
Without any tag,0,Without any tag
Without any tag,0,Without any tag
Without any tag,0,Without any tag
Without any tag,0,Without any tag
Without any tag,0,Without any tag
Without any tag,0,Without any tag
Without any tag,0,Without any tag
Without any tag,0,Without any tag
Without any tag,0,Without any tag
Without any tag,0,Without any tag
Without any tag,0,Without any tag
Without any tag,0,Without any tag
Without any tag,0,Without any tag
Without any tag,0,Without any tag
Without any tag,0,Without any tag
Without any tag,0,Without any tag
Without any tag,0,Without any tag
Without any tag,0,Without any tag
Without any tag,0,Without any tag
Without any tag,0,Without any tag
Without any tag,0,Without any tag
Without any tag,0,Without any tag
Without any tag,0,Without any tag
Without any tag,0,Without any tag
Without any tag,0,Without any tag
Without any tag,0,Without any tag
Without any tag,0,Without any tag
Without any tag,0,Without any tag
Without any tag,0,Without any tag
Without any tag,0,Without any tag
Without any tag,0,Without any tag
Without any tag,0,Without any tag
Without any tag,0,Without any tag
Without any tag,0,Without any tag
Without any tag,0,Without any tag
Without any tag,0,Without any tag
Without any tag,0,Without any tag
Without any tag,0,Without any tag
Without any tag,0,Without any tag
Without any tag,0,Without any tag
Without any tag,0,Without any tag
Without any tag,0,Without any tag
Without any tag,0,Without any tag
Without any tag,0,Without any tag
Without any tag,0,Without any tag
Without any tag,0,Without any tag
Without any tag,0,Without any tag
Without any tag,0,Without any tag
Without any tag,0,Without any tag
Without any tag,0,Without any tag
Without any tag,0,Without any tag
Without any tag,0,Without any tag
Without any tag,0,Without any tag
Without any tag,0,Without any tag
Without any tag,0,Without any tag
Without any tag,0,Without any tag
Without any tag,0,Without any tag
Without any tag,0,Without any tag
Without any tag,0,Without any tag
Without any tag,0,Without any tag
Without any tag,0,Without any tag
Without any tag,0,Without any tag
Without any tag,0,Without any tag
Without any tag,0,Without any tag
Without any tag,0,Without any tag
Without any tag,0,Without any tag
Without any tag,0,Without any tag
Without any tag,0,Without any tag
Without any tag,0,Without any tag
Without any tag,0,Without any tag
Without any tag,0,Without any tag
Without any tag,0,Without any tag
Without any tag,0,Without any tag
Without any tag,0,Without any tag
Without any tag,0,Without any tag
Without any tag,0,Without any tag
Without any tag,0,Without any tag
Without any tag,0,Without any tag
Without any tag,0,Without any tag
Without any tag,0,Without any tag
Without any tag,0,Without any tag
Without any tag,0,Without any tag
Without any tag,0,Without any tag
Without any tag,0,Without any tag
Without any tag,0,Without any tag
Without any tag,0,Without any tag
Without any tag,0,Without any tag
Without any tag,0,Without any tag
Without any tag,0,Without any tag
Without any tag,0,Without any tag
Without any tag,0,Without any tag
Without any tag,0,Without any tag
Without any tag,0,Without any tag
Without any tag,0,Without any tag
Without any tag,0,Without any tag
Without any tag,0,Without any tag
Without any tag,0,Without any tag
Without any tag,0,Without any tag
Without any tag,0,Without any tag
Without any tag,0,Without any tag
Without any tag,0,Without any tag
Without any tag,0,Without any tag
Without any tag,0,Without any tag
Without any tag,0,Without any tag
Without any tag,0,Without any tag
Without any tag,0,Without any tag
Without any tag,0,Without any tag
Without any tag,0,Without any tag
Without any tag,0,Without any tag
Without any tag,0,Without any tag
Without any tag,0,Without any tag
Without any tag,0,Without any tag
Without any tag,0,Without any tag
Without any tag,0,Without any tag
Without any tag,0,Without any tag
Without any tag,0,Without any tag
Without any tag,0,Without any tag
Without any tag,0,Without any tag
Without any tag,0,Without any tag
Without any tag,0,Without any tag
Without any tag,0,Without any tag
Without any tag,0,Without any tag
Without any tag,0,Without any tag
Without any tag,0,Without any tag
Without any tag,0,Without any tag
Without any tag,0,Without any tag
Without any tag,0,Without any tag
Without any tag,0,Without any tag
Without any tag,0,Without any tag
Without any tag,0,Without any tag
Without any tag,0,Without any tag
Without any tag,0,Without any tag
Without any tag,0,Without any tag
Without any tag,0,Without any tag
Without any tag,0,Without any tag
Without any tag,0,Without any tag
Without any tag,0,Without any tag
Without any tag,0,Without any tag
Without any tag,0,Without any tag
Without any tag,0,Without any tag
Without any tag,0,Without any tag
Without any tag,0,Without any tag
Without any tag,0,Without any tag
Without any tag,0,Without any tag
Without any tag,0,Without any tag
Without any tag,0,Without any tag
Without any tag,0,Without any tag
Without any tag,0,Without any tag
Without any tag,0,Without any tag
Without any tag,0,Without any tag
Without any tag,0,Without any tag
Without any tag,0,Without any tag
Without any tag,0,Without any tag
Without any tag,0,Without any tag
Without any tag,0,Without any tag
Without any tag,0,Without any tag
Without any tag,0,Without any tag
Without any tag,0,Without any tag
Without any tag,0,Without any tag
Without any tag,0,Without any tag
Without any tag,0,Without any tag
Without any tag,0,Without any tag
Without any tag,0,Without any tag
Without any tag,0,Without any tag
Without any tag,0,Without any tag
Without any tag,0,Without any tag
Without any tag,0,Without any tag
Without any tag,0,Without any tag
Without any tag,0,Without any tag
Without any tag,0,Without any tag
Without any tag,0,Without any tag
Without any tag,0,Without any tag
Without any tag,0,Without any tag
Without any tag,0,Without any tag
Without any tag,0,Without any tag
Without any tag,0,Without any tag
Without any tag,0,Without any tag
Without any tag,0,Without any tag
Without any tag,0,Without any tag
Without any tag,0,Without any tag
Without any tag,0,Without any tag
Without any tag,0,Without any tag
Without any tag,0,Without any tag
Without any tag,0,Without any tag
Without any tag,0,Without any tag
Without any tag,0,Without any tag
Without any tag,0,Without any tag
Without any tag,0,Without any tag
Without any tag,0,Without any tag
Without any tag,0,Without any tag
Without any tag,0,Without any tag
Without any tag,0,Without any tag
Without any tag,0,Without any tag
Without any tag,0,Without any tag
Without any tag,0,Without any tag
Without any tag,0,Without any tag
Without any tag,0,Without any tag
Without any tag,0,Without any tag
Without any tag,0,Without any tag
Without any tag,0,Without any tag
Without any tag,0,Without any tag
Without any tag,0,Without any tag
Without any tag,0,Without any tag
Without any tag,0,Without any tag
Without any tag,0,Without any tag
Without any tag,0,Without any tag
Without any tag,0,Without any tag
Without any tag,0,Without any tag
Without any tag,0,Without any tag
Without any tag,0,Without any tag
Without any tag,0,Without any tag
Without any tag,0,Without any tag
Without any tag,0,Without any tag
Without any tag,0,Without any tag
Without any tag,0,Without any tag
Without any tag,0,Without any tag
Without any tag,0,Without any tag
Without any tag,0,Without any tag
Without any tag,0,Without any tag
Without any tag,0,Without any tag
Without any tag,0,Without any tag
Without any tag,0,Without any tag
Without any tag,0,Without any tag
Without any tag,0,Without any tag
Without any tag,0,Without any tag
Without any tag,0,Without any tag
Without any tag,0,Without any tag
Without any tag,0,Without any tag
Without any tag,0,Without any tag
Without any tag,0,Without any tag
Without any tag,0,Without any tag
Without any tag,0,Without any tag
Without any tag,0,Without any tag
Without any tag,0,Without any tag
Without any tag,0,Without any tag
Without any tag,0,Without any tag
Without any tag,0,Without any tag
Without any tag,0,Without any tag
Without any tag,0,Without any tag
Without any tag,0,Without any tag
Without any tag,0,Without any tag
Without any tag,0,Without any tag
Without any tag,0,Without any tag
Without any tag,0,Without any tag
Without any tag,0,Without any tag
Without any tag,0,Without any tag
Without any tag,0,Without any tag
Without any tag,0,Without any tag
Without any tag,0,Without any tag
Without any tag,0,Without any tag
Without any tag,0,Without any tag
Without any tag,0,Without any tag
Without any tag,0,Without any tag
Without any tag,0,Without any tag
Without any tag,0,Without any tag
Without any tag,0,Without any tag
Without any tag,0,Without any tag
Without any tag,0,Without any tag
Without any tag,0,Without any tag
Without any tag,0,Without any tag
Without any tag,0,Without any tag
Without any tag,0,Without any tag
Without any tag,0,Without any tag
Without any tag,0,Without any tag
Without any tag,0,Without any tag
Without any tag,0,Without any tag
Without any tag,0,Without any tag
Without any tag,0,Without any tag
Without any tag,0,Without any tag
Without any tag,0,Without any tag
Without any tag,0,Without any tag
Without any tag,0,Without any tag
Without any tag,0,Without any tag
Without any tag,0,Without any tag
Without any tag,0,Without any tag
Without any tag,0,Without any tag
Without any tag,0,Without any tag
Without any tag,0,Without any tag
Without any tag,0,Without any tag
Without any tag,0,Without any tag
Without any tag,0,Without any tag
Without any tag,0,Without any tag
Without any tag,0,Without any tag
Without any tag,0,Without any tag
Without any tag,0,Without any tag
Without any tag,0,Without any tag
Without any tag,0,Without any tag
Without any tag,0,Without any tag
Without any tag,0,Without any tag
Without any tag,0,Without any tag
Without any tag,0,Without any tag
Without any tag,0,Without any tag
Without any tag,0,Without any tag
Without any tag,0,Without any tag
Without any tag,0,Without any tag
Without any tag,0,Without any tag
Without any tag,0,Without any tag
Without any tag,0,Without any tag
Without any tag,0,Without any tag
Without any tag,0,Without any tag
Without any tag,0,Without any tag
Without any tag,0,Without any tag
Without any tag,0,Without any tag
Without any tag,0,Without any tag
Without any tag,0,Without any tag
Without any tag,0,Without any tag
Without any tag,0,Without any tag
Without any tag,0,Without any tag
Without any tag,0,Without any tag
Without any tag,0,Without any tag
Without any tag,0,Without any tag
Without any tag,0,Without any tag
Without any tag,0,Without any tag
Without any tag,0,Without any tag
Without any tag,0,Without any tag
Without any tag,0,Without any tag
Without any tag,0,Without any tag
Without any tag,0,Without any tag
Without any tag,0,Without any tag
Without any tag,0,Without any tag
Without any tag,0,Without any tag
Without any tag,0,Without any tag
Without any tag,0,Without any tag
Without any tag,0,Without any tag
Without any tag,0,Without any tag
Without any tag,0,Without any tag
Without any tag,0,Without any tag
Without any tag,0,Without any tag
Without any tag,0,Without any tag
Without any tag,0,Without any tag
Without any tag,0,Without any tag
Without any tag,0,Without any tag
